{"skeleton":[{"name":"骨架","parent":"骨架","initpos":[0.0,0.0,-0.0],"initquaternion":[0.707106,0.0,0.0,0.707106],"initscale":[16.0,16.0,16.0],"offmtx":[[1.0,0.0,0.0,0.0],[0.0,1.0,0.0,0.0],[0.0,0.0,1.0,0.0]],"boundingbox":[[0.0,0.0,0.0],[0.0,0.0,0.0]]},{"name":"Bone","parent":"骨架","initpos":[0.0,0.0,-0.0],"initquaternion":[-0.707106,0.0,0.0,0.707106],"initscale":[1.0,1.0,1.0],"offmtx":[[0.0625,0.0,-0.0,0.0],[0.0,0.0625,0.0,0.0],[-0.0,0.0,0.0625,0.0]],"boundingbox":[[-0.050197,-0.050197,-0.5],[0.499999,0.5,0.050197]]}],"boundingbox":[[-0.803157,-0.803158,-8.0],[7.999999,8.0,0.803156]]}