{"skeleton":[{"name":"Armature","parent":"Armature","initpos":[0.0,0.0,-0.0],"initquaternion":[-0.5,-0.5,-0.499999,0.5],"initscale":[2.86994,2.86994,2.869941],"offmtx":[[1.0,0.0,0.0,0.0],[0.0,1.0,0.0,0.0],[0.0,0.0,1.0,0.0]],"boundingbox":[[0.0,0.0,0.0],[0.0,0.0,0.0]]},{"name":"root","parent":"Armature","initpos":[0.0,0.0,-0.0],"initquaternion":[-0.693538,0.714152,0.010154,-0.094271],"initscale":[1.0,1.0,0.999999],"offmtx":[[-0.345825,0.042008,-0.00705,0.0],[0.013172,0.050616,-0.344491,0.0],[-0.040508,-0.342174,-0.051824,0.0]],"boundingbox":[[-0.869732,-0.98883,-3.453837],[1.419697,5.676764,1.192294]]}],"boundingbox":[[-3.270616,-3.15725,-15.443147],[3.270604,9.80154,3.768671]]}